Kulmbach,Bayreuth,Hof,Kronach,Lichtenfels
Hof,Kronach,Kulmbach,Bayreuth,Wunsiedel
Kronach,Coburg,Lichtenfels,Kulmbach,Hof
Coburg,Haßberge,Bamberg,Lichtenfels,Kronach
Lichtenfels,Coburg,Bamberg,Bayreuth,Kulmbach,Kronach
Bamberg,Coburg,Haßberge,Schweinfurt,Kitzingen,Neustadt_Aisch-Bad Windsheim,Erlangen-Höchstadt,Forchheim,Bayreuth,Lichtenfels
Forchheim,Bamberg,Bayreuth,Nürnberger Land,Erlangen-Höchstadt
Bayreuth,Kulmbach,Lichtenfels,Bamberg,Forchheim,Nürnberger Land,Amberg_Sulzbach,Neustadt a.d. Waldnaab,Tirschenreuth,Wunsiedel,Hof
Wunsiedel,Hof,Bayreuth,Tirschenreuth
Tirschenreuth,Wunsiedel,Bayreuth,Neustadt a.d. Waldnaab
Neustadt a.d. Waldnaab,Tirschenreuth,Bayreuth,Amberg_Sulzbach,Schwandorf
Amberg_Sulzbach,Neustadt a.d. Waldnaab,Bayreuth,Nürnberger Land,Neumarkt_Oberpfalz,Schwandorf
Schwandorf,Neustadt a.d. Waldnaab,Amberg_Sulzbach,Neumarkt_Oberpfalz
Neumarkt_Oberpfalz,Schwandorf,Amberg_Sulzbach,Nürnberger Land,Roth
Aschaffenburg,Main-Spessart,Mittenberg
Mittenberg,Aschaffenburg,Main-Spessart
Main-Spessart,Mittenberg,Aschaffenburg,Bad Kissingen,Schweinfurt,Würzburg
Bad Kissingen,Rhön-Grabfeld,Schweinfurt,Main-Spessart
Rhön-Grabfeld,Haßberge,Schweinfurt,Bad Kissingen
Schweinfurt,Rhön-Grabfeld,Bad Kissingen,Main-Spessart,Würzburg,Kitzingen,Bamberg,Haßberge
Haßberge,Rhön-Grabfeld,Schweinfurt,Bamberg,Coburg
Würzburg,Main-Spessart,Schweinfurt,Kitzingen,Neustadt_Aisch-Bad Windsheim
Kitzingen,Schweinfurt,Würzburg,Neustadt_Aisch-Bad Windsheim,Bamberg
Neustadt_Aisch-Bad Windsheim,Kitzingen,Würzburg,Ansbach,Fürth,Erlangen-Höchstadt,Bamberg
Ansbach,Neustadt_Aisch-Bad Windsheim,Fürth,Roth,Weißenburg-Gunzenhausen
Erlangen-Höchstadt,Bamberg,Neustadt_Aisch-Bad Windsheim,Fürth,Nürnberger Land,Forchheim
Fürth,Erlangen-Höchstadt,Neustadt_Aisch-Bad Windsheim,Ansbach,Roth,Nürnberger Land
Nürnberger Land,Bayreuth,Forchheim,Erlangen-Höchstadt,Fürth,Roth,Neumarkt_Oberpfalz,Amberg_Sulzbach
Roth,Neumarkt_Oberpfalz,Nürnberger Land,Fürth,Ansbach,Weißenburg-Gunzenhausen
Weißenburg-Gunzenhausen,Roth,Ansbach
